{
  "askcliStatesVersion": "2020-03-31",
  "profiles": {
    "default": {
      "skillId": "amzn1.ask.skill.b5c5a8e0-37e1-4ca9-9735-71977f32464a",
      "skillInfrastructure": {
        "@ask-cli/cfn-deployer": {
          "deployState": {
            "default": {
              "s3": {
                "bucket": "ask-night-zookeeper-kids-s-default-useast1-1621608356735",
                "key": "endpoint/build.zip"
              },
              "stackId": "arn:aws:cloudformation:us-east-1:161747956760:stack/ask-night-zookeeper-kids-stories-default-skillStack-1621608356735/4805d8d0-ba43-11eb-bb19-123bd221e837",
              "outputs": [
                {
                  "OutputKey": "SkillEndpoint",
                  "OutputValue": "arn:aws:lambda:us-east-1:161747956760:function:ask-night-zookeeper-kids-storie-AlexaSkillFunction-PJStfkGFkqrT",
                  "Description": "LambdaARN for the regional endpoint"
                }
              ]
            }
          }
        }
      },
      "skillMetadata": {
        "lastDeployHash": "6nsPBXKVDK0Z5q82DNGN51IP074="
      },
      "code": {
        "default": {
          "lastDeployHash": "203IGfoLC1AMngiRRWFzoOieF2U="
        }
      }
    }
  }
}