{
  "manifest": {
    "apis": {
      "custom": {
        "endpoint": {
          "uri": "arn:aws:lambda:us-east-1:161747956760:function:ask-night-zookeeper-kids-storie-AlexaSkillFunction-PJStfkGFkqrT"
        },
        "interfaces": [
          {
            "type": "AUDIO_PLAYER"
          }
        ],
        "regions": {
          "EU": {
            "endpoint": {
              "uri": "arn:aws:lambda:eu-west-1:295748476497:function:b5c5a8e0-37e1-4ca9-9735-71977f32464a:Release_0"
            }
          },
          "NA": {
            "endpoint": {
              "uri": "arn:aws:lambda:us-east-1:295748476497:function:b5c5a8e0-37e1-4ca9-9735-71977f32464a:Release_0"
            }
          },
          "FE": {
            "endpoint": {
              "uri": "arn:aws:lambda:us-west-2:295748476497:function:b5c5a8e0-37e1-4ca9-9735-71977f32464a:Release_0"
            }
          }
        }
      }
    },
    "manifestVersion": "1.0",
    "publishingInformation": {
      "category": "STREAMING_SERVICE",
      "distributionCountries": [],
      "isAvailableWorldwide": true,
      "locales": {
        "en-GB": {
          "description": "Sample Full Description",
          "examplePhrases": [
            "Alexa open Night Zookeper stories",
            "play Night Zookeper stories",
            "help"
          ],
          "keywords": [],
          "name": "night-zookeeper-kids-stories",
          "summary": "Sample Short Description"
        }
      },
      "testingInstructions": "Sample Testing Instructions."
    }
  }
}