{
  "askcliResourcesVersion": "2020-03-31",
  "profiles": {
    "default": {
      "skillMetadata": {
        "src": "./skill-package"
      },
      "code": {
        "default": {
          "src": "./lambda"
        }
      },
      "skillInfrastructure": {
        "type": "@ask-cli/cfn-deployer",
        "userConfig": {
          "runtime": "nodejs10.x",
          "handler": "index.handler",
          "templatePath": "./infrastructure/cfn-deployer/skill-stack.yaml",
          "awsRegion": "us-east-1"
        }
      }
    }
  }
}